n_iter,roc_auc_selector,mcc_selector,accuracy_selector,precision_selector,recall_selector,f1_score_selector,id_add,acquisition_add,id_forget,acquisition_forget,id_prior_al
0,0.5320799076038343,0.05038939480046924,0.5514440433212996,0.5253654401956425,0.5250251039285506,0.525092213052901,"[830, 472, 286, 867, 443, 1468, 675, 682, 518, 802, 1360, 56, 133, 598, 1778, 612, 96, 823, 342, 767]","[0.9999794363975525, 0.9999799132347107, 0.9999805092811584, 0.9999822974205017, 0.9999830722808838, 0.9999856948852539, 0.9999871253967285, 0.9999873638153076, 0.9999889731407166, 0.9999890923500061, 0.9999951124191284, 0.999995231628418, 0.9999955296516418, 0.9999960660934448, 0.9999964833259583, 0.9999964833259583, 0.9999975562095642, 0.9999978542327881, 0.999998152256012, 0.9999996423721313]",[],[],"[206, 1616]"
