n_iter,roc_auc_selector,mcc_selector,accuracy_selector,precision_selector,recall_selector,f1_score_selector,id_add,acquisition_add,id_forget,acquisition_forget,id_prior_al
0,0.599319023808463,0.13826961302231155,0.5604693140794224,0.56753663003663,0.5707708019891222,0.5576150057840052,"[2062, 756, 113, 646, 511, 382, 247, 714, 378, 722, 560, 753, 604, 300, 595, 1927, 80, 724, 250, 136]","[0.9916868223120758, 0.9918290073399021, 0.9924569864898416, 0.9927886764355058, 0.9928872107698083, 0.9959193117743119, 0.9959798466430669, 0.9978507710347344, 0.9981099527010429, 0.9986644340420838, 0.9988740319058103, 0.9988879053271376, 0.9991179288184497, 0.9992904978647488, 0.9992980665765572, 0.9994283154188537, 0.9995914584059733, 0.9996502028539993, 0.9998660142352946, 0.9999995267154276]",[],[],"[215, 586]"
