n_iter,roc_auc_selector,mcc_selector,accuracy_selector,precision_selector,recall_selector,f1_score_selector,id_add,acquisition_add,id_forget,acquisition_forget,id_prior_al
0,0.6166878579237595,0.07693271832728733,0.4629963898916967,0.547010647010647,0.5314750143083825,0.4427892486368934,"[1636, 448, 670, 392, 1517, 422, 241, 188, 1359, 424, 602, 652, 656, 658, 482, 180, 1682, 690, 1633, 826]","[0.9999679923057556, 0.9999733567237854, 0.9999764561653137, 0.9999784827232361, 0.9999789595603943, 0.999982476234436, 0.9999825358390808, 0.9999843239784241, 0.9999861717224121, 0.9999874234199524, 0.9999880194664001, 0.9999894499778748, 0.9999956488609314, 0.9999983906745911, 0.9999986290931702, 0.9999986886978149, 0.9999988079071045, 0.9999989867210388, 0.9999990463256836, 0.9999999403953552]",[],[],"[215, 586]"
