n_iter,roc_auc_selector,mcc_selector,accuracy_selector,precision_selector,recall_selector,f1_score_selector,id_add,acquisition_add,id_forget,acquisition_forget,id_prior_al
0,0.3937152786107674,-0.09707738147407541,0.4250902527075812,0.4509383753501401,0.4519786693718363,0.424842417500927,"[332, 652, 207, 608, 19, 509, 396, 566, 213, 582, 460, 724, 1078, 139, 277, 198, 450, 508, 639, 1724]","[0.9908450413496297, 0.9918242653220659, 0.9918340280679416, 0.9919354032964378, 0.9919572702168438, 0.994547228613996, 0.9954695276595515, 0.996270983479917, 0.9964698031566144, 0.9964751133142613, 0.9964933779705802, 0.9968543601799489, 0.9975502585805174, 0.9982210435498473, 0.9984851651495319, 0.9988934559947751, 0.9998013290586982, 0.9998017858274011, 0.9999643405793535, 0.9999896732582414]",[],[],"[765, 1314]"
