n_iter,roc_auc_selector,mcc_selector,accuracy_selector,precision_selector,recall_selector,f1_score_selector,id_add,acquisition_add,id_forget,acquisition_forget,id_prior_al
0,0.37425245127438844,-0.16433380807375703,0.434115523465704,0.41927341775501836,0.41636707598350853,0.4167848265128028,"[1790, 1218, 1683, 646, 800, 792, 690, 850, 1053, 383, 1713, 580, 855, 1952, 296, 282, 130, 212, 561, 820]","[0.999959409236908, 0.9999732971191406, 0.9999780654907227, 0.999979555606842, 0.9999836683273315, 0.9999880194664001, 0.9999881386756897, 0.9999901056289673, 0.9999918341636658, 0.9999927282333374, 0.9999930262565613, 0.9999932050704956, 0.9999943971633911, 0.999994695186615, 0.9999947547912598, 0.9999967217445374, 0.9999967813491821, 0.9999979734420776, 0.9999988675117493, 0.9999999403953552]",[],[],"[765, 1314]"
