n_iter,roc_auc_selector,mcc_selector,accuracy_selector,precision_selector,recall_selector,f1_score_selector,id_add,acquisition_add,id_forget,acquisition_forget,id_prior_al
0,0.4304475524954847,-0.05374725628645255,0.4259927797833935,0.47054634078062796,0.4754804017999431,0.41798071300435097,"[1722, 649, 192, 549, 764, 630, 77, 672, 106, 359, 509, 437, 98, 210, 100, 314, 246, 836, 739, 636]","[0.9982328146052133, 0.9982730740356338, 0.9986669161216923, 0.9987591927974471, 0.9988949227315516, 0.9991002162803397, 0.9991900642514473, 0.999202672666442, 0.9993838684803791, 0.9995179512193175, 0.9995302309534964, 0.9995581623070393, 0.999872753527054, 0.9998862247280407, 0.9999342696796134, 0.9999526452956502, 0.9999542548262035, 0.9999796691699885, 0.9999804558509453, 0.9999980365107852]",[],[],"[206, 1616]"
